"CountryID"," Country"," CountryName"," NativeCountryName"," CountryAbbreviation"
1,"Afganistan","Afganistan","Afghanistan","AF"
2,"Albania","Albania","Albania","AL"
3,"Algieria","Algieria","Algeria","DZ"
4,"Andora","Andora","Andorra","AD"
5,"Angola","Angola","Angola","AO"
6,"Anguilla","Anguilla","Anguilla","AI"
7,"Antarktyda","Antarktyda","Antarctica","AQ"
8,"Antigua i Barbuda","Antigua i Barbuda","Antigua And Barbuda","AG"
9,"Antyle Holenderskie","Antyle Holenderskie","Netherlands Antilles","AN"
10,"Arabia Saudyjska","Arabia Saudyjska","Saudi Arabia","SA"
11,"Argentyna","Argentyna","Argentina","AR"
12,"Armenia","Armenia","Armenia","AM"
13,"Aruba","Aruba","Aruba","AW"
14,"Australia","Australia","Australia","AU"
15,"Austria","Austria","Austria","AT"
16,"Azerbejdżan","Azerbejdżan","Azerbaijan","AZ"
17,"Bahamy","Bahamy","Bahamas","BS"
18,"Bahrajn","Bahrajn","Bahrain","BH"
19,"Bangladesz","Bangladesz","Bangladesh","BD"
20,"Barbados","Barbados","Barbados","BB"
21,"Belgia","Belgia","Belgium","BE"
22,"Belize","Belize","Belize","BZ"
23,"Benin","Benin","Benin","BJ"
24,"Bermudy","Bermudy","Bermuda","BM"
25,"Bhutan","Bhutan","Bhutan","BT"
26,"Białoruś","Białoruś","Belarus","BY"
27,"Birma","Birma","Myanmar","MM"
28,"Boliwia","Boliwia","Bolivia, Plurinational State Of","BO"
29,"Bośnia i Hercegowina","Bośnia i Hercegowina","Bosnia And Herzegovina","BA"
30,"Botswana","Botswana","Botswana","BW"
31,"Brazylia","Brazylia","Brazil","BR"
32,"Brunei","Brunei","Brunei Darussalam","BN"
33,"Brytyjskie Terytorium Oceanu Indyjskiego","Brytyjskie Terytorium Oceanu Indyjskiego","British Indian Ocean Territory","IO"
34,"Brytyjskie Wyspy Dziewicze","Brytyjskie Wyspy Dziewicze","Virgin Islands, British","VG"
35,"Bułgaria","Bułgaria","Bulgaria","BG"
36,"Burkina Faso","Burkina Faso","Burkina Faso","BF"
37,"Burundi","Burundi","Burundi","BI"
38,"Chile","Chile","Chile","CL"
39,"Chińska Republika Ludowa","Chińska Republika Ludowa","China","CN"
40,"Chorwacja","Chorwacja","Croatia","HR"
41,"Cypr","Cypr","Cyprus","CY"
42,"Czad","Czad","Chad","TD"
43,"Czarnogóra","Czarnogóra","Montenegro","ME"
44,"Czechy","Czechy","Czech Republic","CZ"
45,"Dalekie Wyspy Mniejsze Stanów Zjednoczonych","Dalekie Wyspy Mniejsze Stanów Zjednoczonych","United States Minor Outlying Islands","UM"
46,"Dania","Dania","Denmark","DK"
47,"Demokratyczna Republika Konga","Demokratyczna Republika Konga","Congo, The Democratic Republic Of The","CD"
48,"Dominika","Dominika","Dominica","DM"
49,"Dominikana","Dominikana","Dominican Republic","DO"
50,"Dżibuti","Dżibuti","Djibouti","DJ"
51,"Egipt","Egipt","Egypt","EG"
52,"Ekwador","Ekwador","Ecuador","EC"
53,"Erytrea","Erytrea","Eritrea","ER"
54,"Estonia","Estonia","Estonia","EE"
55,"Etiopia","Etiopia","Ethiopia","ET"
56,"Falklandy","Falklandy","Falkland Islands (Malvinas)","FK"
57,"Fidżi","Fidżi","Fiji","FJ"
58,"Filipiny","Filipiny","Philippines","PH"
59,"Finlandia","Finlandia","Finland","FI"
60,"Francja","Francja","France","FR"
61,"Francuskie Terytoria Południowe i Antarktyczne","Francuskie Terytoria Południowe i Antarktyczne","French Southern Territories","TF"
62,"Gabon","Gabon","Gabon","GA"
63,"Gambia","Gambia","Gambia","GM"
64,"Ghana","Ghana","Ghana","GH"
65,"Gibraltar","Gibraltar","Gibraltar","GI"
66,"Grecja","Grecja","Greece","GR"
67,"Grenada","Grenada","Grenada","GD"
68,"Grenlandia","Grenlandia","Greenland","GL"
69,"Gruzja","Gruzja","Georgia","GE"
70,"Guam","Guam","Guam","GU"
71,"Guernsey","Guernsey","Guernsey","GG"
72,"Gujana","Gujana","Guyana","GY"
73,"Gujana Francuska","Gujana Francuska","French Guiana","GF"
74,"Gwadelupa","Gwadelupa","Guadeloupe","GP"
75,"Gwatemala","Gwatemala","Guatemala","GT"
76,"Gwinea","Gwinea","Guinea","GN"
77,"Gwinea Równikowa","Gwinea Równikowa","Equatorial Guinea","GQ"
78,"Gwinea-Bissau","Gwinea-Bissau","Guinea-Bissau","GW"
79,"Haiti","Haiti","Haiti","HT"
80,"Hiszpania","Hiszpania","Spain","ES"
81,"Holandia","Holandia","Netherlands","NL"
82,"Honduras","Honduras","Honduras","HN"
83,"Hongkong","Hongkong","Hong Kong","HK"
84,"Indie","Indie","India","IN"
85,"Indonezja","Indonezja","Indonesia","ID"
86,"Irak","Irak","Iraq","IQ"
87,"Iran","Iran","Iran, Islamic Republic Of","IR"
88,"Irlandia","Irlandia","Ireland","IE"
89,"Islandia","Islandia","Iceland","IS"
90,"Izrael","Izrael","Israel","IL"
91,"Jamajka","Jamajka","Jamaica","JM"
92,"Japonia","Japonia","Japan","JP"
93,"Jemen","Jemen","Yemen","YE"
94,"Jersey","Jersey","Jersey","JE"
95,"Jordania","Jordania","Jordan","JO"
96,"Kajmany","Kajmany","Cayman Islands","KY"
97,"Kambodża","Kambodża","Cambodia","KH"
98,"Kamerun","Kamerun","Cameroon","CM"
99,"Kanada","Kanada","Canada","CA"
100,"Katar","Katar","Qatar","QA"
101,"Kazachstan","Kazachstan","Kazakhstan","KZ"
102,"Kenia","Kenia","Kenya","KE"
103,"Kirgistan","Kirgistan","Kyrgyzstan","KG"
104,"Kiribati","Kiribati","Kiribati","KI"
105,"Kolumbia","Kolumbia","Colombia","CO"
106,"Komory","Komory","Comoros","KM"
107,"Kongo","Kongo","Congo","CG"
108,"Korea Południowa","Korea Południowa","Korea, Republic Of","KR"
109,"Korea Północna","Korea Północna","Korea, Democratic People'S Republic Of","KP"
110,"Kostaryka","Kostaryka","Costa Rica","CR"
111,"Kuba","Kuba","Cuba","CU"
112,"Kuwejt","Kuwejt","Kuwait","KW"
113,"Laos","Laos","Lao People'S Democratic Republic","LA"
114,"Lesotho","Lesotho","Lesotho","LS"
115,"Liban","Liban","Lebanon","LB"
116,"Liberia","Liberia","Liberia","LR"
117,"Libia","Libia","Libyan Arab Jamahiriya","LY"
118,"Liechtenstein","Liechtenstein","Liechtenstein","LI"
119,"Litwa","Litwa","Lithuania","LT"
120,"Luksemburg","Luksemburg","Luxembourg","LU"
121,"Łotwa","Łotwa","Latvia","LV"
122,"Macedonia","Macedonia","Macedonia, The Former Yugoslav Republic Of","MK"
123,"Madagaskar","Madagaskar","Madagascar","MG"
124,"Majotta","Majotta","Mayotte","YT"
125,"Makao","Makao","Macao","MO"
126,"Malawi","Malawi","Malawi","MW"
127,"Malediwy","Malediwy","Maldives","MV"
128,"Malezja","Malezja","Malaysia","MY"
129,"Mali","Mali","Mali","ML"
130,"Malta","Malta","Malta","MT"
131,"Mariany Północne","Mariany Północne","Northern Mariana Islands","MP"
132,"Maroko","Maroko","Morocco","MA"
133,"Martynika","Martynika","Martinique","MQ"
134,"Mauretania","Mauretania","Mauritania","MR"
135,"Mauritius","Mauritius","Mauritius","MU"
136,"Meksyk (państwo)","Meksyk (państwo)","Mexico","MX"
137,"Mikronezja","Mikronezja","Micronesia, Federated States Of","FM"
138,"Mołdawia","Mołdawia","Moldova, Republic Of","MD"
139,"Monako","Monako","Monaco","MC"
140,"Mongolia","Mongolia","Mongolia","MN"
141,"Montserrat","Montserrat","Montserrat","MS"
142,"Mozambik","Mozambik","Mozambique","MZ"
143,"Namibia","Namibia","Namibia","NA"
144,"Nauru","Nauru","Nauru","NR"
145,"Nepal","Nepal","Nepal","NP"
146,"Niemcy","Niemcy","Germany","DE"
147,"Niger","Niger","Niger","NE"
148,"Nigeria","Nigeria","Nigeria","NG"
149,"Nikaragua","Nikaragua","Nicaragua","NI"
150,"Niue","Niue","Niue","NU"
151,"Norfolk","Norfolk","Norfolk Island","NF"
152,"Norwegia","Norwegia","Norway","NO"
153,"Nowa Kaledonia","Nowa Kaledonia","New Caledonia","NC"
154,"Nowa Zelandia","Nowa Zelandia","New Zealand","NZ"
155,"Oman","Oman","Oman","OM"
156,"Pakistan","Pakistan","Pakistan","PK"
157,"Palau","Palau","Palau","PW"
158,"Palestyna","Palestyna","Palestinian Territory, Occupied","PS"
159,"Panama","Panama","Panama","PA"
160,"Papua Nowa Gwinea","Papua Nowa Gwinea","Papua New Guinea","PG"
161,"Paragwaj","Paragwaj","Paraguay","PY"
162,"Peru","Peru","Peru","PE"
163,"Pitcairn","Pitcairn","Pitcairn","PN"
164,"Polinezja Francuska","Polinezja Francuska","French Polynesia","PF"
165,"Polska","Polska","Poland","PL"
166,"Południowa Georgia i Sandwich Południowy","Południowa Georgia i Sandwich Południowy","South Georgia And The South Sandwich Islands","GS"
167,"Portugalia","Portugalia","Portugal","PT"
168,"Puerto Rico","Puerto Rico","Puerto Rico","PR"
169,"Republika Chińska","Republika Chińska","Taiwan, Province Of China","TW"
170,"Republika Południowej Afryki","Republika Południowej Afryki","South Africa","ZA"
171,"Republika Środkowoafrykańska","Republika Środkowoafrykańska","Central African Republic","CF"
172,"Republika Zielonego Przylądka","Republika Zielonego Przylądka","Cape Verde","CV"
173,"Reunion","Reunion","Réunion","RE"
174,"Rosja","Rosja","Russian Federation","RU"
175,"Rumunia","Rumunia","Romania","RO"
176,"Rwanda","Rwanda","Rwanda","RW"
177,"Sahara Zachodnia","Sahara Zachodnia","Western Sahara","EH"
178,"Saint Christopher i Nevis","Saint Christopher i Nevis","Saint Kitts And Nevis","KN"
179,"Saint Lucia","Saint Lucia","Saint Lucia","LC"
180,"Saint Pierre i Miquelon","Saint Pierre i Miquelon","Saint Pierre And Miquelon","PM"
181,"Saint Vincent i Grenadyny","Saint Vincent i Grenadyny","Saint Vincent And The Grenadines","VC"
182,"Saint-Martin","Saint-Martin","Saint Martin","MF"
183,"Salwador","Salwador","El Salvador","SV"
184,"Samoa Amerykańskie","Samoa Amerykańskie","American Samoa","AS"
185,"Samoa Zachodnie","Samoa Zachodnie","Samoa","WS"
186,"San Marino","San Marino","San Marino","SM"
187,"Senegal","Senegal","Senegal","SN"
188,"Serbia","Serbia","Serbia","RS"
189,"Seszele","Seszele","Seychelles","SC"
190,"Sierra Leone","Sierra Leone","Sierra Leone","SL"
191,"Singapur","Singapur","Singapore","SG"
192,"Słowacja","Słowacja","Slovakia","SK"
193,"Słowenia","Słowenia","Slovenia","SI"
194,"Somalia","Somalia","Somalia","SO"
195,"Sri Lanka","Sri Lanka","Sri Lanka","LK"
196,"Stany Zjednoczone","Stany Zjednoczone","United States","US"
197,"Suazi","Suazi","Swaziland","SZ"
198,"Sudan","Sudan","Sudan","SD"
199,"Surinam","Surinam","Suriname","SR"
200,"Svalbard i Jan Mayen","Svalbard i Jan Mayen","Svalbard And Jan Mayen","SJ"
201,"Syria","Syria","Syrian Arab Republic","SY"
202,"Szwajcaria","Szwajcaria","Switzerland","CH"
203,"Szwecja","Szwecja","Sweden","SE"
204,"Święta Helena","Święta Helena","Saint Helena","SH"
205,"Tadżykistan","Tadżykistan","Tajikistan","TJ"
206,"Tajlandia","Tajlandia","Thailand","TH"
207,"Tanzania","Tanzania","Tanzania, United Republic Of","TZ"
208,"Timor Wschodni","Timor Wschodni","Timor-Leste","TL"
209,"Togo","Togo","Togo","TG"
210,"Tokelau","Tokelau","Tokelau","TK"
211,"Tonga","Tonga","Tonga","TO"
212,"Trynidad i Tobago","Trynidad i Tobago","Trinidad And Tobago","TT"
213,"Tunezja","Tunezja","Tunisia","TN"
214,"Turcja","Turcja","Turkey","TR"
215,"Turkmenistan","Turkmenistan","Turkmenistan","TM"
216,"Tuvalu","Tuvalu","Tuvalu","TV"
217,"Uganda","Uganda","Uganda","UG"
218,"Ukraina","Ukraina","Ukraine","UA"
219,"Urugwaj","Urugwaj","Uruguay","UY"
220,"Uzbekistan","Uzbekistan","Uzbekistan","UZ"
221,"Vanuatu","Vanuatu","Vanuatu","VU"
222,"Wallis i Futuna","Wallis i Futuna","Wallis And Futuna","WF"
223,"Watykan","Watykan","Holy See (Vatican City State)","VA"
224,"Wenezuela","Wenezuela","Venezuela, Bolivarian Republic Of","VE"
225,"Węgry","Węgry","Hungary","HU"
226,"Wielka Brytania","Wielka Brytania","United Kingdom","GB"
227,"Wietnam","Wietnam","Viet Nam","VN"
228,"Włochy","Włochy","Italy","IT"
229,"Wybrzeże Kości Słoniowej","Wybrzeże Kości Słoniowej","Côte D'Ivoire","CI"
230,"Wyspa Bouveta","Wyspa Bouveta","Bouvet Island","BV"
231,"Wyspa Bożego Narodzenia","Wyspa Bożego Narodzenia","Christmas Island","CX"
232,"Wyspa Man","Wyspa Man","Isle Of Man","IM"
233,"Wyspy Alandzkie","Wyspy Alandzkie","Ĺland Islands","AX"
234,"Wyspy Cooka","Wyspy Cooka","Cook Islands","CK"
235,"Wyspy Dziewicze Stanów Zjednoczonych","Wyspy Dziewicze Stanów Zjednoczonych","Virgin Islands, U.S.","VI"
236,"Wyspy Heard i McDonalda","Wyspy Heard i McDonalda","Heard Island And Mcdonald Islands","HM"
237,"Wyspy Kokosowe","Wyspy Kokosowe","Cocos (Keeling) Islands","CC"
238,"Wyspy Marshalla","Wyspy Marshalla","Marshall Islands","MH"
239,"Wyspy Owcze","Wyspy Owcze","Faroe Islands","FO"
240,"Wyspy Salomona","Wyspy Salomona","Solomon Islands","SB"
241,"Wyspy Świętego Tomasza i Książęca","Wyspy Świętego Tomasza i Książęca","Sao Tome And Principe","ST"
242,"Wyspy Turks i Caicos","Wyspy Turks i Caicos","Turks And Caicos Islands","TC"
243,"Zambia","Zambia","Zambia","ZM"
244,"Zimbabwe","Zimbabwe","Zimbabwe","ZW"
245,"Zjednoczone Emiraty Arabskie","Zjednoczone Emiraty Arabskie","United Arab Emirates","AE"
